{
  "__type__": "cc.SpriteFrame",
  "content": {
    "name": "90",
    "atlas": "",
    "rect": {
      "x": 11,
      "y": 2,
      "width": 220,
      "height": 267
    },
    "offset": {
      "x": 3.5,
      "y": 0
    },
    "originalSize": {
      "width": 235,
      "height": 271
    },
    "rotated": false,
    "capInsets": [
      0,
      0,
      0,
      0
    ],
    "vertices": {
      "rawPosition": [
        -110,
        -133.5,
        0,
        110,
        -133.5,
        0,
        -110,
        133.5,
        0,
        110,
        133.5,
        0
      ],
      "indexes": [
        0,
        1,
        2,
        2,
        1,
        3
      ],
      "uv": [
        11,
        269,
        231,
        269,
        11,
        2,
        231,
        2
      ],
      "nuv": [
        0.04680851063829787,
        0.007380073800738007,
        0.9829787234042553,
        0.007380073800738007,
        0.04680851063829787,
        0.992619926199262,
        0.9829787234042553,
        0.992619926199262
      ],
      "minPos": {
        "x": -110,
        "y": -133.5,
        "z": 0
      },
      "maxPos": {
        "x": 110,
        "y": 133.5,
        "z": 0
      }
    },
    "texture": "d5579245-940a-4454-aa3b-11bd12c00849@6c48a",
    "packable": true,
    "pixelsToUnit": 100,
    "pivot": {
      "x": 0.5,
      "y": 0.5
    },
    "meshType": 0
  }
}