{
  "__type__": "cc.SpriteFrame",
  "content": {
    "name": "4",
    "atlas": "",
    "rect": {
      "x": 25,
      "y": 22,
      "width": 91,
      "height": 97
    },
    "offset": {
      "x": -1.5,
      "y": -1.5
    },
    "originalSize": {
      "width": 144,
      "height": 138
    },
    "rotated": false,
    "capInsets": [
      0,
      0,
      0,
      0
    ],
    "vertices": {
      "rawPosition": [
        -45.5,
        -48.5,
        0,
        45.5,
        -48.5,
        0,
        -45.5,
        48.5,
        0,
        45.5,
        48.5,
        0
      ],
      "indexes": [
        0,
        1,
        2,
        2,
        1,
        3
      ],
      "uv": [
        25,
        116,
        116,
        116,
        25,
        19,
        116,
        19
      ],
      "nuv": [
        0.1736111111111111,
        0.13768115942028986,
        0.8055555555555556,
        0.13768115942028986,
        0.1736111111111111,
        0.8405797101449275,
        0.8055555555555556,
        0.8405797101449275
      ],
      "minPos": {
        "x": -45.5,
        "y": -48.5,
        "z": 0
      },
      "maxPos": {
        "x": 45.5,
        "y": 48.5,
        "z": 0
      }
    },
    "texture": "1c728b2c-ff6e-48ba-ac75-848bab698231@6c48a",
    "packable": true,
    "pixelsToUnit": 100,
    "pivot": {
      "x": 0.5,
      "y": 0.5
    },
    "meshType": 0
  }
}