{
  "__type__": "cc.SpriteFrame",
  "content": {
    "name": "6",
    "atlas": "",
    "rect": {
      "x": 25,
      "y": 23,
      "width": 90,
      "height": 98
    },
    "offset": {
      "x": -2,
      "y": -3
    },
    "originalSize": {
      "width": 144,
      "height": 138
    },
    "rotated": false,
    "capInsets": [
      0,
      0,
      0,
      0
    ],
    "vertices": {
      "rawPosition": [
        -45,
        -49,
        0,
        45,
        -49,
        0,
        -45,
        49,
        0,
        45,
        49,
        0
      ],
      "indexes": [
        0,
        1,
        2,
        2,
        1,
        3
      ],
      "uv": [
        25,
        115,
        115,
        115,
        25,
        17,
        115,
        17
      ],
      "nuv": [
        0.1736111111111111,
        0.12318840579710146,
        0.7986111111111112,
        0.12318840579710146,
        0.1736111111111111,
        0.8333333333333334,
        0.7986111111111112,
        0.8333333333333334
      ],
      "minPos": {
        "x": -45,
        "y": -49,
        "z": 0
      },
      "maxPos": {
        "x": 45,
        "y": 49,
        "z": 0
      }
    },
    "texture": "279caa03-8e6f-469b-be65-8260790a3a66@6c48a",
    "packable": true,
    "pixelsToUnit": 100,
    "pivot": {
      "x": 0.5,
      "y": 0.5
    },
    "meshType": 0
  }
}