{
  "__type__": "cc.SpriteFrame",
  "content": {
    "name": "5",
    "atlas": "",
    "rect": {
      "x": 16,
      "y": 26,
      "width": 104,
      "height": 96
    },
    "offset": {
      "x": -4,
      "y": -5
    },
    "originalSize": {
      "width": 144,
      "height": 138
    },
    "rotated": false,
    "capInsets": [
      0,
      0,
      0,
      0
    ],
    "vertices": {
      "rawPosition": [
        -52,
        -48,
        0,
        52,
        -48,
        0,
        -52,
        48,
        0,
        52,
        48,
        0
      ],
      "indexes": [
        0,
        1,
        2,
        2,
        1,
        3
      ],
      "uv": [
        16,
        112,
        120,
        112,
        16,
        16,
        120,
        16
      ],
      "nuv": [
        0.1111111111111111,
        0.11594202898550725,
        0.8333333333333334,
        0.11594202898550725,
        0.1111111111111111,
        0.8115942028985508,
        0.8333333333333334,
        0.8115942028985508
      ],
      "minPos": {
        "x": -52,
        "y": -48,
        "z": 0
      },
      "maxPos": {
        "x": 52,
        "y": 48,
        "z": 0
      }
    },
    "texture": "e95af55c-0a5c-4d78-b391-20ef96867ff1@6c48a",
    "packable": true,
    "pixelsToUnit": 100,
    "pivot": {
      "x": 0.5,
      "y": 0.5
    },
    "meshType": 0
  }
}