{
  "__type__": "cc.SpriteFrame",
  "content": {
    "name": "94",
    "atlas": "",
    "rect": {
      "x": 1,
      "y": 0,
      "width": 144,
      "height": 414
    },
    "offset": {
      "x": 0,
      "y": 0
    },
    "originalSize": {
      "width": 146,
      "height": 414
    },
    "rotated": false,
    "capInsets": [
      0,
      0,
      0,
      0
    ],
    "vertices": {
      "rawPosition": [
        -72,
        -207,
        0,
        72,
        -207,
        0,
        -72,
        207,
        0,
        72,
        207,
        0
      ],
      "indexes": [
        0,
        1,
        2,
        2,
        1,
        3
      ],
      "uv": [
        1,
        414,
        145,
        414,
        1,
        0,
        145,
        0
      ],
      "nuv": [
        0.00684931506849315,
        0,
        0.9931506849315068,
        0,
        0.00684931506849315,
        1,
        0.9931506849315068,
        1
      ],
      "minPos": {
        "x": -72,
        "y": -207,
        "z": 0
      },
      "maxPos": {
        "x": 72,
        "y": 207,
        "z": 0
      }
    },
    "texture": "b688604b-82a9-48f5-94ef-cc3f1dcb6357@6c48a",
    "packable": true,
    "pixelsToUnit": 100,
    "pivot": {
      "x": 0.5,
      "y": 0.5
    },
    "meshType": 0
  }
}