{
  "__type__": "cc.SpriteFrame",
  "content": {
    "name": "9",
    "atlas": "",
    "rect": {
      "x": 24,
      "y": 20,
      "width": 88,
      "height": 98
    },
    "offset": {
      "x": -4,
      "y": 0
    },
    "originalSize": {
      "width": 144,
      "height": 138
    },
    "rotated": false,
    "capInsets": [
      0,
      0,
      0,
      0
    ],
    "vertices": {
      "rawPosition": [
        -44,
        -49,
        0,
        44,
        -49,
        0,
        -44,
        49,
        0,
        44,
        49,
        0
      ],
      "indexes": [
        0,
        1,
        2,
        2,
        1,
        3
      ],
      "uv": [
        24,
        118,
        112,
        118,
        24,
        20,
        112,
        20
      ],
      "nuv": [
        0.16666666666666666,
        0.14492753623188406,
        0.7777777777777778,
        0.14492753623188406,
        0.16666666666666666,
        0.855072463768116,
        0.7777777777777778,
        0.855072463768116
      ],
      "minPos": {
        "x": -44,
        "y": -49,
        "z": 0
      },
      "maxPos": {
        "x": 44,
        "y": 49,
        "z": 0
      }
    },
    "texture": "dd755036-0562-4136-8631-801480c640b4@6c48a",
    "packable": true,
    "pixelsToUnit": 100,
    "pivot": {
      "x": 0.5,
      "y": 0.5
    },
    "meshType": 0
  }
}