{
  "__type__": "cc.SpriteFrame",
  "content": {
    "name": "7",
    "atlas": "",
    "rect": {
      "x": 27,
      "y": 22,
      "width": 86,
      "height": 98
    },
    "offset": {
      "x": -2,
      "y": -2
    },
    "originalSize": {
      "width": 144,
      "height": 138
    },
    "rotated": false,
    "capInsets": [
      0,
      0,
      0,
      0
    ],
    "vertices": {
      "rawPosition": [
        -43,
        -49,
        0,
        43,
        -49,
        0,
        -43,
        49,
        0,
        43,
        49,
        0
      ],
      "indexes": [
        0,
        1,
        2,
        2,
        1,
        3
      ],
      "uv": [
        27,
        116,
        113,
        116,
        27,
        18,
        113,
        18
      ],
      "nuv": [
        0.1875,
        0.13043478260869565,
        0.7847222222222222,
        0.13043478260869565,
        0.1875,
        0.8405797101449275,
        0.7847222222222222,
        0.8405797101449275
      ],
      "minPos": {
        "x": -43,
        "y": -49,
        "z": 0
      },
      "maxPos": {
        "x": 43,
        "y": 49,
        "z": 0
      }
    },
    "texture": "5b168ce7-c393-44e9-ac65-a0cd288387bc@6c48a",
    "packable": true,
    "pixelsToUnit": 100,
    "pivot": {
      "x": 0.5,
      "y": 0.5
    },
    "meshType": 0
  }
}