{
  "__type__": "cc.SpriteFrame",
  "content": {
    "name": "8",
    "atlas": "",
    "rect": {
      "x": 24,
      "y": 22,
      "width": 90,
      "height": 98
    },
    "offset": {
      "x": -3,
      "y": -2
    },
    "originalSize": {
      "width": 144,
      "height": 138
    },
    "rotated": false,
    "capInsets": [
      0,
      0,
      0,
      0
    ],
    "vertices": {
      "rawPosition": [
        -45,
        -49,
        0,
        45,
        -49,
        0,
        -45,
        49,
        0,
        45,
        49,
        0
      ],
      "indexes": [
        0,
        1,
        2,
        2,
        1,
        3
      ],
      "uv": [
        24,
        116,
        114,
        116,
        24,
        18,
        114,
        18
      ],
      "nuv": [
        0.16666666666666666,
        0.13043478260869565,
        0.7916666666666666,
        0.13043478260869565,
        0.16666666666666666,
        0.8405797101449275,
        0.7916666666666666,
        0.8405797101449275
      ],
      "minPos": {
        "x": -45,
        "y": -49,
        "z": 0
      },
      "maxPos": {
        "x": 45,
        "y": 49,
        "z": 0
      }
    },
    "texture": "cc4055c6-bb23-4476-8d74-5d3fa8f612fb@6c48a",
    "packable": true,
    "pixelsToUnit": 100,
    "pivot": {
      "x": 0.5,
      "y": 0.5
    },
    "meshType": 0
  }
}