{
  "__type__": "cc.SpriteFrame",
  "content": {
    "name": "0",
    "atlas": "",
    "rect": {
      "x": 1,
      "y": 0,
      "width": 142,
      "height": 138
    },
    "offset": {
      "x": 0,
      "y": 0
    },
    "originalSize": {
      "width": 144,
      "height": 138
    },
    "rotated": false,
    "capInsets": [
      0,
      0,
      0,
      0
    ],
    "vertices": {
      "rawPosition": [
        -71,
        -69,
        0,
        71,
        -69,
        0,
        -71,
        69,
        0,
        71,
        69,
        0
      ],
      "indexes": [
        0,
        1,
        2,
        2,
        1,
        3
      ],
      "uv": [
        1,
        138,
        143,
        138,
        1,
        0,
        143,
        0
      ],
      "nuv": [
        0.006944444444444444,
        0,
        0.9930555555555556,
        0,
        0.006944444444444444,
        1,
        0.9930555555555556,
        1
      ],
      "minPos": {
        "x": -71,
        "y": -69,
        "z": 0
      },
      "maxPos": {
        "x": 71,
        "y": 69,
        "z": 0
      }
    },
    "texture": "d8f6725e-9a2e-42a0-9839-365f99bb1b64@6c48a",
    "packable": true,
    "pixelsToUnit": 100,
    "pivot": {
      "x": 0.5,
      "y": 0.5
    },
    "meshType": 0
  }
}