{
  "__type__": "cc.SpriteFrame",
  "content": {
    "name": "3",
    "atlas": "",
    "rect": {
      "x": 0,
      "y": 12,
      "width": 144,
      "height": 115
    },
    "offset": {
      "x": 0,
      "y": -0.5
    },
    "originalSize": {
      "width": 144,
      "height": 138
    },
    "rotated": false,
    "capInsets": [
      0,
      0,
      0,
      0
    ],
    "vertices": {
      "rawPosition": [
        -72,
        -57.5,
        0,
        72,
        -57.5,
        0,
        -72,
        57.5,
        0,
        72,
        57.5,
        0
      ],
      "indexes": [
        0,
        1,
        2,
        2,
        1,
        3
      ],
      "uv": [
        0,
        126,
        144,
        126,
        0,
        11,
        144,
        11
      ],
      "nuv": [
        0,
        0.07971014492753623,
        1,
        0.07971014492753623,
        0,
        0.9130434782608695,
        1,
        0.9130434782608695
      ],
      "minPos": {
        "x": -72,
        "y": -57.5,
        "z": 0
      },
      "maxPos": {
        "x": 72,
        "y": 57.5,
        "z": 0
      }
    },
    "texture": "934ba830-20e4-4900-84ea-77762dfd7e7b@6c48a",
    "packable": true,
    "pixelsToUnit": 100,
    "pivot": {
      "x": 0.5,
      "y": 0.5
    },
    "meshType": 0
  }
}